-- Group assignment2 for Group5
-- Wisam Al-Humairi  #041069835
-- Luc Ha            #040802592
-- Qiman Gao         #041082081
CREATE TABLESPACE Assignment2
  DATAFILE 'Assignment2.dat' SIZE 80M 
  ONLINE; 

CREATE USER toolsUser IDENTIFIED BY test1234 ACCOUNT UNLOCK
	DEFAULT	 TABLESPACE assignment2
	QUOTA 20M ON assignment2;
-- Create ROLES
CREATE ROLE applicationAdmin;
CREATE ROLE applicationUser;
GRANT CONNECT, RESOURCE, CREATE VIEW, CREATE TRIGGER, CREATE PROCEDURE TO applicationAdmin;
-- Grant PRIVILEGES
GRANT applicationAdmin TO toolsUser;
GRANT CREATE SESSION TO ToolsUser;
-- NOW we can connect as the applicationAdmin and create the stored procedures, tables, and triggers
CONNECT toolsUser/test1234;
-- drop table customeraddressassoc;
-- drop table address;
-- drop table country;
-- drop table customernamehistory;
-- drop table names;
-- drop table customers;
-- drop table Categories;
-- drop table rentalpayments;
-- drop table toolsrented;
-- drop TABLE customerRentals;
-- drop table rentals;
-- drop table maintenancelogs;
-- drop table toolscategories;
-- drop table tools;
-- drop table employees;


create table country(
    countryID NUMBER GENERATED BY DEFAULT AS IDENTITY (START WITH 1 INCREMENT BY 1) NOT NULL,
    Country varchar(100),
    PRIMARY KEY (countryID)
);
CREATE TABLE address (
    addressId NUMBER GENERATED BY DEFAULT AS IDENTITY (START WITH 1 INCREMENT BY 1) NOT NULL,    
    City VARCHAR2(100),
    Province VARCHAR2(100),
    PostalCode VARCHAR2(20),
    Street VARCHAR2(255),
    CONSTRAINT PK_AddressHistory PRIMARY KEY (addressId)
);
CREATE TABLE CustomerAddressAssoc (
    CustomerAddressAssoc NUMBER GENERATED BY DEFAULT AS IDENTITY (START WITH 1 INCREMENT BY 1) NOT NULL,
    countryID NUMBER,
    addressId NUMBER,
    StartDate DATE NOT NULL,
    EndDate DATE,
    CONSTRAINT PK_CustomerAddressAssoc PRIMARY KEY (CustomerAddressAssoc),
    CONSTRAINT FK_CustomerAddressAssoc_addressId FOREIGN KEY (addressId) REFERENCES address (addressId) ON DELETE CASCADE,
    CONSTRAINT FK_CustomerAddressAssoc_countryID FOREIGN KEY (countryID) REFERENCES country (countryID) ON DELETE CASCADE
);
CREATE TABLE Customers (
    CustomerID NUMBER GENERATED BY DEFAULT AS IDENTITY (START WITH 1 INCREMENT BY 1) NOT NULL,
    AddressID NUMBER,
    PRIMARY KEY (CustomerID),
    CONSTRAINT FK_Customers_AddressID FOREIGN KEY (AddressID) REFERENCES Address (addressID) ON DELETE CASCADE
);
CREATE TABLE Names (
    NameId NUMBER GENERATED BY DEFAULT AS IDENTITY (START WITH 1 INCREMENT BY 1) NOT NULL,
    Name varchar(100) NOT NULL,
    PRIMARY KEY (NameId)
);
CREATE TABLE CustomerNameHistory (
    HistoryID NUMBER GENERATED BY DEFAULT AS IDENTITY (START WITH 1 INCREMENT BY 1) NOT NULL,
    CustomerID NUMBER NOT NULL,
    NameId NUMBER NOT NULL,
    Name VARCHAR2(100),
    StartTime TIMESTAMP DEFAULT CURRENT_TIMESTAMP NOT NULL,
    EndTime TIMESTAMP,
    PRIMARY KEY (HistoryID),
    FOREIGN KEY (CustomerID) REFERENCES Customers (CustomerID) ON DELETE CASCADE,
    FOREIGN KEY (NameId) REFERENCES Names (NameId) ON DELETE CASCADE
);
CREATE TABLE Tools (
    ToolID NUMBER GENERATED BY DEFAULT AS IDENTITY (START WITH 1 INCREMENT BY 1) NOT NULL,
    Name VARCHAR2(100),
    Description VARCHAR2(255),
    RentalPrice NUMBER(10, 2),
    PurchaseDate DATE,
    Manufacturer VARCHAR2(100),
    Specifications VARCHAR2(255),
    Instructions VARCHAR2(255),
    PRIMARY KEY (ToolID)
);
CREATE TABLE Rentals (
    RentalID NUMBER GENERATED BY DEFAULT AS IDENTITY (START WITH 1 INCREMENT BY 1) NOT NULL,
    RentalStatus VARCHAR2(50),
    PRIMARY KEY (RentalID)
);
CREATE TABLE ToolsRented (
    ToolsRentedId NUMBER GENERATED BY DEFAULT AS IDENTITY (START WITH 1 INCREMENT BY 1) NOT NULL,
    ToolID NUMBER NOT NULL,
    RentalID NUMBER NOT NULL,
    RentalStartDate DATE not null,
    RentalEndDate DATE,
    PRIMARY KEY (ToolsRentedId),
    CONSTRAINT FK_ToolsRented_ToolID FOREIGN KEY (ToolID) REFERENCES Tools (ToolID) ON DELETE CASCADE,
    CONSTRAINT FK_ToolsRented_RentalID FOREIGN KEY (RentalID) REFERENCES Rentals (RentalID) ON DELETE CASCADE
);
CREATE TABLE customerRentals (
    CustomerID NUMBER NOT NULL,
    RentalID NUMBER NOT NULL,
    PRIMARY KEY (CustomerID, RentalID),
    CONSTRAINT FK_customerRentals_Customers FOREIGN KEY (CustomerID) REFERENCES Customers (CustomerID) ON DELETE CASCADE,
    CONSTRAINT FK_customerRentals_Rentals FOREIGN KEY (RentalID) REFERENCES Rentals (RentalID) ON DELETE CASCADE
);
CREATE TABLE Employees (
    EmployeeID NUMBER GENERATED BY DEFAULT AS IDENTITY (START WITH 1 INCREMENT BY 1) NOT NULL,
    FirstName VARCHAR2(100),
    LastName VARCHAR2(100),
    PhoneNumber VARCHAR2(20),
    Email VARCHAR2(100),
    JobTitle VARCHAR2(100),
    PRIMARY KEY (EmployeeID)
);
CREATE TABLE MaintenanceLogs (
    ToolID NUMBER,
    EmployeeID NUMBER,
    MaintenanceDate DATE,
    MaintenanceDescription VARCHAR2(255),
    CONSTRAINT FK_MaintenanceLogs_ToolID FOREIGN KEY (ToolID) REFERENCES Tools (ToolID) ON DELETE CASCADE,
    CONSTRAINT FK_MaintenanceLogs_EmployeeID FOREIGN KEY (EmployeeID) REFERENCES Employees (EmployeeID) ON DELETE CASCADE
);
CREATE TABLE RentalPayments (
    PaymentID NUMBER NOT NULL,
    RentalID NUMBER,
    PaymentDate DATE,
    PaymentAmount NUMBER(10, 2),
    PaymentMethod VARCHAR2(50),
    PRIMARY KEY (PaymentID),
    CONSTRAINT FK_RentalPayments_RentalID FOREIGN KEY (RentalID) REFERENCES Rentals (RentalID) ON DELETE CASCADE
);
CREATE TABLE Categories (
    CategoryID NUMBER GENERATED BY DEFAULT AS IDENTITY (START WITH 1 INCREMENT BY 1) NOT NULL,
    name VARCHAR2(250),
    Description VARCHAR2(250),
    PRIMARY KEY (CategoryID)
);
CREATE TABLE toolsCategories (
    categoryID NUMBER,
    toolID NUMBER,
    CONSTRAINT FK_toolsCategories_categoryID FOREIGN KEY (categoryID) REFERENCES Categories (CategoryID) ON DELETE CASCADE,
    CONSTRAINT FK_toolsCategories_toolID FOREIGN KEY (toolID) REFERENCES Tools (ToolID) ON DELETE CASCADE
);
-- inserts to country 
INSERT INTO Country (Country)
VALUES ('Canada');
INSERT INTO Country (Country)
VALUES ('USA');
-- inserts to address
INSERT INTO Address (Province, City, Street, PostalCode)
VALUES ('Ontario', 'Toronto', '123 Main Street', 'M1M1M1');
INSERT INTO Address (Province, City, Street, PostalCode)
VALUES ('Ontario', 'Toronto', '456 Elm Street', 'M2M2M2');
INSERT INTO Address (Province, City, Street, PostalCode)
VALUES ('Ontario', 'Toronto', '789 Oak Avenue', 'M3M3M3');
INSERT INTO Address (Province, City, Street, PostalCode)
VALUES ('Ontario', 'Toronto', '987 Maple Lane', 'M4M4M4');
INSERT INTO Address (Province, City, Street, PostalCode)
VALUES ('Ontario', 'Toronto', '321 Pine Road', 'M5M5M5');
INSERT INTO Address (Province, City, Street, PostalCode)
VALUES ('Ontario', 'Toronto', '654 Cedar Court', 'M6M6M6');
INSERT INTO Address (Province, City, Street, PostalCode)
VALUES ('Ontario', 'Toronto', '890 Walnut Avenue', 'M7M7M7');
INSERT INTO Address (Province, City, Street, PostalCode)
VALUES ('Ontario', 'Toronto', '234 Oakwood Drive', 'M8M8M8');
INSERT INTO Address (Province, City, Street, PostalCode)
VALUES ('Ontario', 'Toronto', '567 Birch Street', 'M9M9M9');
INSERT INTO Address (Province, City, Street, PostalCode)
VALUES ('Quebec', 'Montreal', '876 Cherry Lane', 'H1H1H1');
INSERT INTO Address (Province, City, Street, PostalCode)
VALUES ('Quebec', 'Montreal', '543 Willow Road', 'H2H2H2');
INSERT INTO Address (Province, City, Street, PostalCode)
VALUES ('Quebec', 'Montreal', '321 Elmwood Avenue', 'H3H3H3');
INSERT INTO Address (Province, City, Street, PostalCode)
VALUES ('Quebec', 'Montreal', '654 Pine Street', 'H4H4H4');
INSERT INTO Address (Province, City, Street, PostalCode)
VALUES ('Quebec', 'Montreal', '987 Maple Avenue', 'H5H5H5');
INSERT INTO Address (Province, City, Street, PostalCode)
VALUES ('Quebec', 'Montreal', '789 Cedar Lane', 'H6H6H6');
INSERT INTO Address (Province, City, Street, PostalCode)
VALUES ('Quebec', 'Montreal', '234 Birch Road', 'H7H7H7');
INSERT INTO Address (Province, City, Street, PostalCode)
VALUES ('Quebec', 'Montreal', '876 Walnut Street', 'H8H8H8');
INSERT INTO Address (Province, City, Street, PostalCode)
VALUES ('Quebec', 'Montreal', '543 Oakwood Avenue', 'H9H9H9');
INSERT INTO Address (Province, City, Street, PostalCode)
VALUES ('British Columbia', 'Vancouver', '321 Cedar Court', 'V1V1V1');
INSERT INTO Address (Province, City, Street, PostalCode)
VALUES ('British Columbia', 'Vancouver', '876 Pine Lane', 'V2V2V2');
INSERT INTO Address (Province, City, Street, PostalCode)
VALUES ('British Columbia', 'Vancouver', '543 Maple Road', 'V3V3V3');
INSERT INTO Address (Province, City, Street, PostalCode)
VALUES ('British Columbia', 'Vancouver', '234 Elm Avenue', 'V4V4V4');
INSERT INTO Address (Province, City, Street, PostalCode)
VALUES ('British Columbia', 'Vancouver', '789 Oakwood Drive', 'V5V5V5');
INSERT INTO Address (Province, City, Street, PostalCode)
VALUES ('British Columbia', 'Vancouver', '987 Birch Street', 'V6V6V6');
INSERT INTO Address (Province, City, Street, PostalCode)
VALUES ('British Columbia', 'Vancouver', '321 Walnut Court', 'V7V7V7');
INSERT INTO Address (Province, City, Street, PostalCode)
VALUES ('British Columbia', 'Vancouver', '654 Cedar Lane', 'V8V8V8');
INSERT INTO Address (Province, City, Street, PostalCode)
VALUES ('British Columbia', 'Vancouver', '890 Pine Road', 'V9V9V9');
INSERT INTO Address (Province, City, Street, PostalCode)
VALUES ('Alberta', 'Calgary', '123 Maple Avenue', 'T1T1T1');
INSERT INTO Address (Province, City, Street, PostalCode)
VALUES ('Alberta', 'Calgary', '456 Elmwood Street', 'T2T2T2');
INSERT INTO Address (Province, City, Street, PostalCode)
VALUES ('Alberta', 'Calgary', '789 Oak Lane', 'T3T3T3');
-- insert to CustomerAddressAssoc
INSERT INTO CustomerAddressAssoc (countryID, addressId, StartDate, EndDate)
VALUES (1, 1, TO_DATE('2023-01-01', 'YYYY-MM-DD'), NULL);
INSERT INTO CustomerAddressAssoc (countryID, addressId, StartDate, EndDate)
VALUES (1, 2, TO_DATE('2023-01-15', 'YYYY-MM-DD'), NULL);
INSERT INTO CustomerAddressAssoc (countryID, addressId, StartDate, EndDate)
VALUES (1, 3, TO_DATE('2023-02-01', 'YYYY-MM-DD'), NULL);
INSERT INTO CustomerAddressAssoc (countryID, addressId, StartDate, EndDate)
VALUES (1, 4, TO_DATE('2023-02-15', 'YYYY-MM-DD'), NULL);
INSERT INTO CustomerAddressAssoc (countryID, addressId, StartDate, EndDate)
VALUES (1, 5, TO_DATE('2023-03-01', 'YYYY-MM-DD'), NULL);
INSERT INTO CustomerAddressAssoc (countryID, addressId, StartDate, EndDate)
VALUES (1, 6, TO_DATE('2023-03-15', 'YYYY-MM-DD'), NULL);
INSERT INTO CustomerAddressAssoc (countryID, addressId, StartDate, EndDate)
VALUES (1, 7, TO_DATE('2023-04-01', 'YYYY-MM-DD'), NULL);
INSERT INTO CustomerAddressAssoc (countryID, addressId, StartDate, EndDate)
VALUES (1, 8, TO_DATE('2023-04-15', 'YYYY-MM-DD'), NULL);
INSERT INTO CustomerAddressAssoc (countryID, addressId, StartDate, EndDate)
VALUES (1, 9, TO_DATE('2023-05-01', 'YYYY-MM-DD'), NULL);
INSERT INTO CustomerAddressAssoc (countryID, addressId, StartDate, EndDate)
VALUES (1, 10, TO_DATE('2023-05-15', 'YYYY-MM-DD'), NULL);
INSERT INTO CustomerAddressAssoc (countryID, addressId, StartDate, EndDate)
VALUES (1, 11, TO_DATE('2023-06-01', 'YYYY-MM-DD'), NULL);
INSERT INTO CustomerAddressAssoc (countryID, addressId, StartDate, EndDate)
VALUES (1, 12, TO_DATE('2023-06-15', 'YYYY-MM-DD'), NULL);
INSERT INTO CustomerAddressAssoc (countryID, addressId, StartDate, EndDate)
VALUES (1, 13, TO_DATE('2023-07-01', 'YYYY-MM-DD'), NULL);
INSERT INTO CustomerAddressAssoc (countryID, addressId, StartDate, EndDate)
VALUES (1, 14, TO_DATE('2023-07-15', 'YYYY-MM-DD'), NULL);
INSERT INTO CustomerAddressAssoc (countryID, addressId, StartDate, EndDate)
VALUES (1, 15, TO_DATE('2023-04-01', 'YYYY-MM-DD'), NULL);
INSERT INTO CustomerAddressAssoc (countryID, addressId, StartDate, EndDate)
VALUES (1, 16, TO_DATE('2023-02-15', 'YYYY-MM-DD'), NULL);
INSERT INTO CustomerAddressAssoc (countryID, addressId, StartDate, EndDate)
VALUES (1, 17, TO_DATE('2023-01-01', 'YYYY-MM-DD'), NULL);
INSERT INTO CustomerAddressAssoc (countryID, addressId, StartDate, EndDate)
VALUES (1, 18, TO_DATE('2023-06-15', 'YYYY-MM-DD'), NULL);
INSERT INTO CustomerAddressAssoc (countryID, addressId, StartDate, EndDate)
VALUES (1, 19, TO_DATE('2023-05-01', 'YYYY-MM-DD'), NULL);
INSERT INTO CustomerAddressAssoc (countryID, addressId, StartDate, EndDate)
VALUES (1, 20, TO_DATE('2023-04-15', 'YYYY-MM-DD'), NULL);
INSERT INTO CustomerAddressAssoc (countryID, addressId, StartDate, EndDate)
VALUES (1, 21, TO_DATE('2023-05-01', 'YYYY-MM-DD'), NULL);
INSERT INTO CustomerAddressAssoc (countryID, addressId, StartDate, EndDate)
VALUES (1, 22, TO_DATE('2023-06-15', 'YYYY-MM-DD'), NULL);
INSERT INTO CustomerAddressAssoc (countryID, addressId, StartDate, EndDate)
VALUES (1, 23, TO_DATE('2023-02-01', 'YYYY-MM-DD'), NULL);
INSERT INTO CustomerAddressAssoc (countryID, addressId, StartDate, EndDate)
VALUES (1, 24, TO_DATE('2023-01-15', 'YYYY-MM-DD'), NULL);
INSERT INTO CustomerAddressAssoc (countryID, addressId, StartDate, EndDate)
VALUES (1, 25, TO_DATE('2023-01-05', 'YYYY-MM-DD'), NULL);
INSERT INTO CustomerAddressAssoc (countryID, addressId, StartDate, EndDate)
VALUES (1, 26, TO_DATE('2023-01-20', 'YYYY-MM-DD'), NULL);
INSERT INTO CustomerAddressAssoc (countryID, addressId, StartDate, EndDate)
VALUES (1, 27, TO_DATE('2023-02-05', 'YYYY-MM-DD'), NULL);
INSERT INTO CustomerAddressAssoc (countryID, addressId, StartDate, EndDate)
VALUES (1, 28, TO_DATE('2023-02-20', 'YYYY-MM-DD'), NULL);
INSERT INTO CustomerAddressAssoc (countryID, addressId, StartDate, EndDate)
VALUES (1, 29, TO_DATE('2023-03-05', 'YYYY-MM-DD'), NULL);
INSERT INTO CustomerAddressAssoc (countryID, addressId, StartDate, EndDate)
VALUES (1, 30, TO_DATE('2023-03-20', 'YYYY-MM-DD'), NULL);
-- inserts for customers 
INSERT INTO Customers (AddressID) VALUES (1);
INSERT INTO Customers (AddressID) VALUES (2);
INSERT INTO Customers (AddressID) VALUES (3);
INSERT INTO Customers (AddressID) VALUES (4);
INSERT INTO Customers (AddressID) VALUES (5);
INSERT INTO Customers (AddressID) VALUES (6);
INSERT INTO Customers (AddressID) VALUES (7);
INSERT INTO Customers (AddressID) VALUES (8);
INSERT INTO Customers (AddressID) VALUES (9);
INSERT INTO Customers (AddressID) VALUES (10);
INSERT INTO Customers (AddressID) VALUES (11);
INSERT INTO Customers (AddressID) VALUES (12);
INSERT INTO Customers (AddressID) VALUES (13);
INSERT INTO Customers (AddressID) VALUES (14);
INSERT INTO Customers (AddressID) VALUES (15);
INSERT INTO Customers (AddressID) VALUES (16);
INSERT INTO Customers (AddressID) VALUES (17);
INSERT INTO Customers (AddressID) VALUES (18);
INSERT INTO Customers (AddressID) VALUES (19);
INSERT INTO Customers (AddressID) VALUES (20);
INSERT INTO Customers (AddressID) VALUES (21);
INSERT INTO Customers (AddressID) VALUES (22);
INSERT INTO Customers (AddressID) VALUES (23);
INSERT INTO Customers (AddressID) VALUES (24);
INSERT INTO Customers (AddressID) VALUES (25);
INSERT INTO Customers (AddressID) VALUES (26);
INSERT INTO Customers (AddressID) VALUES (27);
INSERT INTO Customers (AddressID) VALUES (28);
INSERT INTO Customers (AddressID) VALUES (29);
INSERT INTO Customers (AddressID) VALUES (30);
-- inserts for names
INSERT INTO Names (Name) VALUES ('John');
INSERT INTO Names (Name) VALUES ('Emily');
INSERT INTO Names (Name) VALUES ('Michael');
INSERT INTO Names (Name) VALUES ('Sophia');
INSERT INTO Names (Name) VALUES ('William');
INSERT INTO Names (Name) VALUES ('Olivia');
INSERT INTO Names (Name) VALUES ('James');
INSERT INTO Names (Name) VALUES ('Emma');
INSERT INTO Names (Name) VALUES ('Alexander');
INSERT INTO Names (Name) VALUES ('Ava');
INSERT INTO Names (Name) VALUES ('Daniel');
INSERT INTO Names (Name) VALUES ('Isabella');
INSERT INTO Names (Name) VALUES ('Matthew');
INSERT INTO Names (Name) VALUES ('Mia');
INSERT INTO Names (Name) VALUES ('Benjamin');
INSERT INTO Names (Name) VALUES ('Charlotte');
INSERT INTO Names (Name) VALUES ('Elijah');
INSERT INTO Names (Name) VALUES ('Amelia');
INSERT INTO Names (Name) VALUES ('William');
INSERT INTO Names (Name) VALUES ('Liam');
INSERT INTO Names (Name) VALUES ('David');
INSERT INTO Names (Name) VALUES ('Abigail');
INSERT INTO Names (Name) VALUES ('Henry');
INSERT INTO Names (Name) VALUES ('Harper');
INSERT INTO Names (Name) VALUES ('Joseph');
INSERT INTO Names (Name) VALUES ('Evelyn');
INSERT INTO Names (Name) VALUES ('Samuel');
INSERT INTO Names (Name) VALUES ('Ella');
INSERT INTO Names (Name) VALUES ('Nicholas');
INSERT INTO Names (Name) VALUES ('Grace');
-- inserts CustomerNameHistory
INSERT INTO CustomerNameHistory (CustomerID, NameID, Name, StartTime)
VALUES (1, 1, 'John', TO_TIMESTAMP('2023-05-15 10:30:00', 'YYYY-MM-DD HH24:MI:SS'));
INSERT INTO CustomerNameHistory (CustomerID, NameID, Name, StartTime)
VALUES (2, 2, 'Jane', TO_TIMESTAMP('2023-06-25 14:45:00', 'YYYY-MM-DD HH24:MI:SS'));
INSERT INTO CustomerNameHistory (CustomerID, NameID, Name, StartTime)
VALUES (3, 3, 'Michael', TO_TIMESTAMP('2023-05-20 12:15:00', 'YYYY-MM-DD HH24:MI:SS'));
INSERT INTO CustomerNameHistory (CustomerID, NameID, Name, StartTime)
VALUES (4, 4, 'Emily', TO_TIMESTAMP('2023-03-02 11:00:00', 'YYYY-MM-DD HH24:MI:SS'));
INSERT INTO CustomerNameHistory (CustomerID, NameID, Name, StartTime)
VALUES (5, 5, 'William', TO_TIMESTAMP('2023-04-10 09:30:00', 'YYYY-MM-DD HH24:MI:SS'));
INSERT INTO CustomerNameHistory (CustomerID, NameID, Name, StartTime)
VALUES (6, 6, 'Sophia', TO_TIMESTAMP('2023-02-22 08:45:00', 'YYYY-MM-DD HH24:MI:SS'));
INSERT INTO CustomerNameHistory (CustomerID, NameID, Name, StartTime)
VALUES (7, 7, 'James', TO_TIMESTAMP('2023-05-07 17:00:00', 'YYYY-MM-DD HH24:MI:SS'));
INSERT INTO CustomerNameHistory (CustomerID, NameID, Name, StartTime)
VALUES (8, 8, 'Olivia', TO_TIMESTAMP('2023-04-15 16:30:00', 'YYYY-MM-DD HH24:MI:SS'));
INSERT INTO CustomerNameHistory (CustomerID, NameID, Name, StartTime)
VALUES (9, 9, 'Liam', TO_TIMESTAMP('2023-03-25 14:15:00', 'YYYY-MM-DD HH24:MI:SS'));
INSERT INTO CustomerNameHistory (CustomerID, NameID, Name, StartTime)
VALUES (10, 10, 'Ava', TO_TIMESTAMP('2023-05-28 13:30:00', 'YYYY-MM-DD HH24:MI:SS'));
INSERT INTO CustomerNameHistory (CustomerID, NameID, Name, StartTime)
VALUES (11, 11, 'Noah', TO_TIMESTAMP('2023-03-05 10:45:00', 'YYYY-MM-DD HH24:MI:SS'));
INSERT INTO CustomerNameHistory (CustomerID, NameID, Name, StartTime)
VALUES (12, 12, 'Isabella', TO_TIMESTAMP('2023-05-10 11:15:00', 'YYYY-MM-DD HH24:MI:SS'));
INSERT INTO CustomerNameHistory (CustomerID, NameID, Name, StartTime)
VALUES (13, 13, 'Lucas', TO_TIMESTAMP('2023-06-10 18:00:00', 'YYYY-MM-DD HH24:MI:SS'));
INSERT INTO CustomerNameHistory (CustomerID, NameID, Name, StartTime)
VALUES (14, 14, 'Mia', TO_TIMESTAMP('2023-05-05 15:30:00', 'YYYY-MM-DD HH24:MI:SS'));
INSERT INTO CustomerNameHistory (CustomerID, NameID, Name, StartTime)
VALUES (15, 15, 'Jackson', TO_TIMESTAMP('2023-06-15 12:45:00', 'YYYY-MM-DD HH24:MI:SS'));
INSERT INTO CustomerNameHistory (CustomerID, NameID, Name, StartTime)
VALUES (16, 16, 'Emma', TO_TIMESTAMP('2023-03-15 13:15:00', 'YYYY-MM-DD HH24:MI:SS'));
INSERT INTO CustomerNameHistory (CustomerID, NameID, Name, StartTime)
VALUES (17, 17, 'Aiden', TO_TIMESTAMP('2023-05-18 16:00:00', 'YYYY-MM-DD HH24:MI:SS'));
INSERT INTO CustomerNameHistory (CustomerID, NameID, Name, StartTime)
VALUES (18, 18, 'Charlotte', TO_TIMESTAMP('2023-06-08 14:30:00', 'YYYY-MM-DD HH24:MI:SS'));
INSERT INTO CustomerNameHistory (CustomerID, NameID, Name, StartTime)
VALUES (19, 19, 'Ethan', TO_TIMESTAMP('2023-04-05 11:45:00', 'YYYY-MM-DD HH24:MI:SS'));
INSERT INTO CustomerNameHistory (CustomerID, NameID, Name, StartTime)
VALUES (20, 20, 'Luna', TO_TIMESTAMP('2023-06-20 10:15:00', 'YYYY-MM-DD HH24:MI:SS'));
INSERT INTO CustomerNameHistory (CustomerID, NameID, Name, StartTime)
VALUES (21, 21, 'Carter', TO_TIMESTAMP('2023-02-28 19:00:00', 'YYYY-MM-DD HH24:MI:SS'));
INSERT INTO CustomerNameHistory (CustomerID, NameID, Name, StartTime)
VALUES (22, 22, 'Harper', TO_TIMESTAMP('2023-07-05 08:30:00', 'YYYY-MM-DD HH24:MI:SS'));
INSERT INTO CustomerNameHistory (CustomerID, NameID, Name, StartTime)
VALUES (23, 23, 'Sebastian', TO_TIMESTAMP('2023-04-20 07:45:00', 'YYYY-MM-DD HH24:MI:SS'));
INSERT INTO CustomerNameHistory (CustomerID, NameID, Name, StartTime)
VALUES (24, 24, 'Stella', TO_TIMESTAMP('2023-05-30 17:15:00', 'YYYY-MM-DD HH24:MI:SS'));
INSERT INTO CustomerNameHistory (CustomerID, NameID, Name, StartTime)
VALUES (25, 25, 'Mateo', TO_TIMESTAMP('2023-03-10 15:30:00', 'YYYY-MM-DD HH24:MI:SS'));
INSERT INTO CustomerNameHistory (CustomerID, NameID, Name, StartTime)
VALUES (26, 26, 'Paisley', TO_TIMESTAMP('2023-07-10 13:00:00', 'YYYY-MM-DD HH24:MI:SS'));
INSERT INTO CustomerNameHistory (CustomerID, NameID, Name, StartTime)
VALUES (27, 27, 'Grayson', TO_TIMESTAMP('2023-04-25 12:15:00', 'YYYY-MM-DD HH24:MI:SS'));
INSERT INTO CustomerNameHistory (CustomerID, NameID, Name, StartTime)
VALUES (28, 28, 'Nova', TO_TIMESTAMP('2023-06-25 16:45:00', 'YYYY-MM-DD HH24:MI:SS'));
INSERT INTO CustomerNameHistory (CustomerID, NameID, Name, StartTime)
VALUES (29, 29, 'Logan', TO_TIMESTAMP('2023-05-12 15:00:00', 'YYYY-MM-DD HH24:MI:SS'));
INSERT INTO CustomerNameHistory (CustomerID, NameID, Name, StartTime)
VALUES (30, 30, 'Sofia', TO_TIMESTAMP('2023-06-22 18:30:00', 'YYYY-MM-DD HH24:MI:SS'));
-- inserts to tools
INSERT INTO Tools (Name, Description, RentalPrice, PurchaseDate, Manufacturer, Specifications, Instructions)
VALUES ('Hammer', 'Claw hammer', 5.99, TO_DATE('2022-02-15', 'YYYY-MM-DD'), 'XYZ Tools', 'Size: 16 oz', '1. Grip the handle firmly...');
INSERT INTO Tools (Name, Description, RentalPrice, PurchaseDate, Manufacturer, Specifications, Instructions)
VALUES ('Drill', 'Cordless drill', 29.99, TO_DATE('2022-03-20', 'YYYY-MM-DD'), 'DEF Power Tools', 'Voltage: 18V', '1. Insert the battery...');
INSERT INTO Tools (Name, Description, RentalPrice, PurchaseDate, Manufacturer, Specifications, Instructions)
VALUES ('Screwdriver', 'Phillips-head screwdriver', 4.99, TO_DATE('2022-04-10', 'YYYY-MM-DD'), 'XYZ Tools', 'Size: 6 inches', '1. Hold the handle firmly...');
INSERT INTO Tools (Name, Description, RentalPrice, PurchaseDate, Manufacturer, Specifications, Instructions)
VALUES ('Wrench', 'Adjustable wrench', 8.99, TO_DATE('2022-05-15', 'YYYY-MM-DD'), 'ABC Manufacturing', 'Size: 8 inches', '1. Adjust the wrench...');
INSERT INTO Tools (Name, Description, RentalPrice, PurchaseDate, Manufacturer, Specifications, Instructions)
VALUES ('Paintbrush', 'Nylon paintbrush', 3.99, TO_DATE('2022-06-20', 'YYYY-MM-DD'), 'DEF Brushes', 'Size: 2 inches', '1. Dip the brush in paint...');
INSERT INTO Tools (Name, Description, RentalPrice, PurchaseDate, Manufacturer, Specifications, Instructions)
VALUES ('Pliers', 'Needle-nose pliers', 6.99, TO_DATE('2022-07-25', 'YYYY-MM-DD'), 'XYZ Tools', 'Size: 6 inches', '1. Grip the pliers firmly...');
INSERT INTO Tools (Name, Description, RentalPrice, PurchaseDate, Manufacturer, Specifications, Instructions)
VALUES ('Saw', 'Hand saw', 9.99, TO_DATE('2022-08-30', 'YYYY-MM-DD'), 'ABC Manufacturing', 'Length: 18 inches', '1. Place the saw on the material...');
INSERT INTO Tools (Name, Description, RentalPrice, PurchaseDate, Manufacturer, Specifications, Instructions)
VALUES ('Sander', 'Electric sander', 12.99, TO_DATE('2022-09-05', 'YYYY-MM-DD'), 'DEF Power Tools', 'Power: 500W', '1. Attach sandpaper to the sander...');
INSERT INTO Tools (Name, Description, RentalPrice, PurchaseDate, Manufacturer, Specifications, Instructions)
VALUES ('Level', 'Bubble level', 5.99, TO_DATE('2022-10-10', 'YYYY-MM-DD'), 'XYZ Tools', 'Length: 12 inches', '1. Place the level on the surface...');
INSERT INTO Tools (Name, Description, RentalPrice, PurchaseDate, Manufacturer, Specifications, Instructions)
VALUES ('Tape Measure', 'Measuring tape', 4.99, TO_DATE('2022-11-15', 'YYYY-MM-DD'), 'ABC Manufacturing', 'Length: 25 feet', '1. Extend the tape measure...');
INSERT INTO Tools (Name, Description, RentalPrice, PurchaseDate, Manufacturer, Specifications, Instructions)
VALUES ('Chisel', 'Wood chisel', 7.99, TO_DATE('2022-12-20', 'YYYY-MM-DD'), 'DEF Tools', 'Size: 1 inch', '1. Hold the chisel with both hands...');
INSERT INTO Tools (Name, Description, RentalPrice, PurchaseDate, Manufacturer, Specifications, Instructions)
VALUES ('Ladder', 'Step ladder', 19.99, TO_DATE('2023-01-25', 'YYYY-MM-DD'), 'XYZ Manufacturing', 'Height: 6 feet', '1. Open the ladder...');
INSERT INTO Tools (Name, Description, RentalPrice, PurchaseDate, Manufacturer, Specifications, Instructions)
VALUES ('Rake', 'Garden rake', 6.99, TO_DATE('2023-02-28', 'YYYY-MM-DD'), 'ABC Tools', 'Size: 24 inches', '1. Hold the handle firmly...');
INSERT INTO Tools (Name, Description, RentalPrice, PurchaseDate, Manufacturer, Specifications, Instructions)
VALUES ('Screwdriver Set', 'Set of screwdrivers', 12.99, TO_DATE('2023-03-05', 'YYYY-MM-DD'), 'DEF Tools', 'Set includes: Phillips and flathead screwdrivers', '1. Select the appropriate screwdriver...');
INSERT INTO Tools (Name, Description, RentalPrice, PurchaseDate, Manufacturer, Specifications, Instructions)
VALUES ('Pruning Shears', 'Garden shears', 9.99, TO_DATE('2023-04-10', 'YYYY-MM-DD'), 'XYZ Manufacturing', 'Blade length: 8 inches', '1. Hold the shears with one hand...');
INSERT INTO Tools (Name, Description, RentalPrice, PurchaseDate, Manufacturer, Specifications, Instructions)
VALUES ('Hammer', 'Claw hammer', 7.99, TO_DATE('2023-05-15', 'YYYY-MM-DD'), 'ABC Tools', 'Weight: 16 ounces', '1. Hold the hammer by the handle...');
INSERT INTO Tools (Name, Description, RentalPrice, PurchaseDate, Manufacturer, Specifications, Instructions)
VALUES ('Power Drill', 'Cordless power drill', 29.99, TO_DATE('2023-06-20', 'YYYY-MM-DD'), 'DEF Power Tools', 'Power: 18V', '1. Insert the drill bit...');
INSERT INTO Tools (Name, Description, RentalPrice, PurchaseDate, Manufacturer, Specifications, Instructions)
VALUES ('Screw Assortment', 'Assorted screws', 5.99, TO_DATE('2023-07-25', 'YYYY-MM-DD'), 'XYZ Manufacturing', 'Assortment includes: Phillips and flathead screws', '1. Select the desired screw...');
INSERT INTO Tools (Name, Description, RentalPrice, PurchaseDate, Manufacturer, Specifications, Instructions)
VALUES ('Caulk Gun', 'Caulking gun', 8.99, TO_DATE('2023-07-30', 'YYYY-MM-DD'), 'ABC Tools', 'Compatibility: 10 oz cartridges', '1. Load the caulk tube...');
INSERT INTO Tools (Name, Description, RentalPrice, PurchaseDate, Manufacturer, Specifications, Instructions)
VALUES ('Wire Cutter', 'Wire cutter', 6.99, TO_DATE('2023-09-05', 'YYYY-MM-DD'), 'DEF Tools', 'Cutting capacity: up to 8 AWG wire', '1. Position the wire between the blades...');
INSERT INTO Tools (Name, Description, RentalPrice, PurchaseDate, Manufacturer, Specifications, Instructions)
VALUES ('Paint Roller', 'Roller for painting', 4.99, TO_DATE('2023-01-10', 'YYYY-MM-DD'), 'XYZ Brushes', 'Nap length: 1/2 inch', '1. Dip the roller in paint...');
INSERT INTO Tools (Name, Description, RentalPrice, PurchaseDate, Manufacturer, Specifications, Instructions)
VALUES ('Adjustable Wrench', 'Wrench with adjustable jaw', 7.99, TO_DATE('2023-02-15', 'YYYY-MM-DD'), 'ABC Manufacturing', 'Size: 10 inches', '1. Turn the thumbwheel...');
INSERT INTO Tools (Name, Description, RentalPrice, PurchaseDate, Manufacturer, Specifications, Instructions)
VALUES ('Hacksaw', 'Hand saw for cutting metal', 8.99, TO_DATE('2023-04-20', 'YYYY-MM-DD'), 'DEF Tools', 'Blade length: 12 inches', '1. Place the material in a vise...');
INSERT INTO Tools (Name, Description, RentalPrice, PurchaseDate, Manufacturer, Specifications, Instructions)
VALUES ('Drill Bits Set', 'Set of drill bits', 14.99, TO_DATE('2023-01-25', 'YYYY-MM-DD'), 'XYZ Tools', 'Set includes: various sizes of drill bits', '1. Select the desired drill bit...');
INSERT INTO Tools (Name, Description, RentalPrice, PurchaseDate, Manufacturer, Specifications, Instructions)
VALUES ('Staple Gun', 'Manual staple gun', 9.99, TO_DATE('2023-02-28', 'YYYY-MM-DD'), 'ABC Tools', 'Compatibility: 1/4-inch staples', '1. Load the staples into the staple gun...');
INSERT INTO Tools (Name, Description, RentalPrice, PurchaseDate, Manufacturer, Specifications, Instructions)
VALUES ('Wire Stripper', 'Tool for stripping insulation from wire', 6.99, TO_DATE('2023-03-05', 'YYYY-MM-DD'), 'DEF Tools', 'Wire gauge capacity: 10-20 AWG', '1. Insert the wire into the appropriate hole...');
INSERT INTO Tools (Name, Description, RentalPrice, PurchaseDate, Manufacturer, Specifications, Instructions)
VALUES ('Cordless Screwdriver', 'Electric screwdriver', 19.99, TO_DATE('2023-04-10', 'YYYY-MM-DD'), 'XYZ Power Tools', 'Power: 12V', '1. Insert the appropriate screwdriver bit...');
INSERT INTO Tools (Name, Description, RentalPrice, PurchaseDate, Manufacturer, Specifications, Instructions)
VALUES ('Hedge Trimmer', 'Electric hedge trimmer', 24.99, TO_DATE('2023-05-15', 'YYYY-MM-DD'), 'ABC Manufacturing', 'Blade length: 20 inches', '1. Hold the trimmer with both hands...');
INSERT INTO Tools (Name, Description, RentalPrice, PurchaseDate, Manufacturer, Specifications, Instructions)
VALUES ('Utility Knife', 'Multi-purpose knife', 5.99, TO_DATE('2023-06-20', 'YYYY-MM-DD'), 'DEF Tools', 'Blade type: retractable', '1. Extend the blade...');
-- inserts to rentals
INSERT INTO Rentals (RentalStatus)
VALUES ('Active');
INSERT INTO Rentals (RentalStatus)
VALUES ('Returned');
-- inserts to customerRental
INSERT INTO customerRentals (CustomerID, RentalID) VALUES (1, 1);
INSERT INTO customerRentals (CustomerID, RentalID) VALUES (2, 2);
INSERT INTO customerRentals (CustomerID, RentalID) VALUES (3, 1);
INSERT INTO customerRentals (CustomerID, RentalID) VALUES (4, 2);
INSERT INTO customerRentals (CustomerID, RentalID) VALUES (5, 1);
INSERT INTO customerRentals (CustomerID, RentalID) VALUES (6, 2);
INSERT INTO customerRentals (CustomerID, RentalID) VALUES (7, 1);
INSERT INTO customerRentals (CustomerID, RentalID) VALUES (8, 2);
INSERT INTO customerRentals (CustomerID, RentalID) VALUES (9, 1);
INSERT INTO customerRentals (CustomerID, RentalID) VALUES (10, 2);
INSERT INTO customerRentals (CustomerID, RentalID) VALUES (11, 1);
INSERT INTO customerRentals (CustomerID, RentalID) VALUES (12, 2);
INSERT INTO customerRentals (CustomerID, RentalID) VALUES (13, 1);
INSERT INTO customerRentals (CustomerID, RentalID) VALUES (14, 2);
INSERT INTO customerRentals (CustomerID, RentalID) VALUES (15, 1);
INSERT INTO customerRentals (CustomerID, RentalID) VALUES (16, 2);
INSERT INTO customerRentals (CustomerID, RentalID) VALUES (17, 1);
INSERT INTO customerRentals (CustomerID, RentalID) VALUES (18, 2);
INSERT INTO customerRentals (CustomerID, RentalID) VALUES (19, 1);
INSERT INTO customerRentals (CustomerID, RentalID) VALUES (20, 2);
INSERT INTO customerRentals (CustomerID, RentalID) VALUES (21, 1);
INSERT INTO customerRentals (CustomerID, RentalID) VALUES (22, 2);
INSERT INTO customerRentals (CustomerID, RentalID) VALUES (23, 1);
INSERT INTO customerRentals (CustomerID, RentalID) VALUES (24, 2);
INSERT INTO customerRentals (CustomerID, RentalID) VALUES (25, 1);
INSERT INTO customerRentals (CustomerID, RentalID) VALUES (26, 2);
INSERT INTO customerRentals (CustomerID, RentalID) VALUES (27, 1);
INSERT INTO customerRentals (CustomerID, RentalID) VALUES (28, 2);
INSERT INTO customerRentals (CustomerID, RentalID) VALUES (29, 1);
INSERT INTO customerRentals (CustomerID, RentalID) VALUES (30, 2);
-- inserts to catogories
INSERT INTO Categories (Name, Description)
VALUES ('Gardening', 'Tools used for gardening purposes');
INSERT INTO Categories (Name, Description)
VALUES ('Power Tools', 'Tools that require power source');
INSERT INTO Categories (Name, Description)
VALUES ('Hand Tools', 'Tools operated by hand');
-- inserts to rentalPayment
INSERT INTO RentalPayments (PaymentID, RentalID, PaymentDate, PaymentAmount, PaymentMethod)
VALUES (1, 1, TO_DATE('2022-05-07', 'YYYY-MM-DD'), 50.00, 'Credit Card');
INSERT INTO RentalPayments (PaymentID, RentalID, PaymentDate, PaymentAmount, PaymentMethod)
VALUES (2, 2, TO_DATE('2022-06-15', 'YYYY-MM-DD'), 35.00, 'Cash');
INSERT INTO RentalPayments (PaymentID, RentalID, PaymentDate, PaymentAmount, PaymentMethod)
VALUES (3, 1, TO_DATE('2022-07-22', 'YYYY-MM-DD'), 20.00, 'Credit Card');
INSERT INTO RentalPayments (PaymentID, RentalID, PaymentDate, PaymentAmount, PaymentMethod)
VALUES (4, 2, TO_DATE('2022-07-07', 'YYYY-MM-DD'), 35.00, 'Credit Card');
INSERT INTO RentalPayments (PaymentID, RentalID, PaymentDate, PaymentAmount, PaymentMethod)
VALUES (5, 1, TO_DATE('2022-08-15', 'YYYY-MM-DD'), 20.00, 'Cash');
INSERT INTO RentalPayments (PaymentID, RentalID, PaymentDate, PaymentAmount, PaymentMethod)
VALUES (6, 2, TO_DATE('2022-09-22', 'YYYY-MM-DD'), 15.00, 'Credit Card');
INSERT INTO RentalPayments (PaymentID, RentalID, PaymentDate, PaymentAmount, PaymentMethod)
VALUES (7, 1, TO_DATE('2022-10-08', 'YYYY-MM-DD'), 30.00, 'Credit Card');
INSERT INTO RentalPayments (PaymentID, RentalID, PaymentDate, PaymentAmount, PaymentMethod)
VALUES (8, 2, TO_DATE('2022-11-20', 'YYYY-MM-DD'), 25.00, 'Cash');
INSERT INTO RentalPayments (PaymentID, RentalID, PaymentDate, PaymentAmount, PaymentMethod)
VALUES (9, 1, TO_DATE('2022-12-05', 'YYYY-MM-DD'), 18.00, 'Credit Card');
INSERT INTO RentalPayments (PaymentID, RentalID, PaymentDate, PaymentAmount, PaymentMethod)
VALUES (10, 2, TO_DATE('2022-01-15', 'YYYY-MM-DD'), 40.00, 'Credit Card');
INSERT INTO RentalPayments (PaymentID, RentalID, PaymentDate, PaymentAmount, PaymentMethod)
VALUES (11, 1, TO_DATE('2022-02-22', 'YYYY-MM-DD'), 22.00, 'Cash');
INSERT INTO RentalPayments (PaymentID, RentalID, PaymentDate, PaymentAmount, PaymentMethod)
VALUES (12, 2, TO_DATE('2022-03-08', 'YYYY-MM-DD'), 12.00, 'Credit Card');
INSERT INTO RentalPayments (PaymentID, RentalID, PaymentDate, PaymentAmount, PaymentMethod)
VALUES (13, 1, TO_DATE('2022-04-20', 'YYYY-MM-DD'), 36.00, 'Credit Card');
INSERT INTO RentalPayments (PaymentID, RentalID, PaymentDate, PaymentAmount, PaymentMethod)
VALUES (14, 2, TO_DATE('2022-05-05', 'YYYY-MM-DD'), 10.00, 'Cash');
INSERT INTO RentalPayments (PaymentID, RentalID, PaymentDate, PaymentAmount, PaymentMethod)
VALUES (15, 1, TO_DATE('2022-06-15', 'YYYY-MM-DD'), 17.00, 'Credit Card');
INSERT INTO RentalPayments (PaymentID, RentalID, PaymentDate, PaymentAmount, PaymentMethod)
VALUES (16, 2, TO_DATE('2022-07-22', 'YYYY-MM-DD'), 33.00, 'Credit Card');
INSERT INTO RentalPayments (PaymentID, RentalID, PaymentDate, PaymentAmount, PaymentMethod)
VALUES (17, 1, TO_DATE('2022-08-08', 'YYYY-MM-DD'), 52.00, 'Cash');
INSERT INTO RentalPayments (PaymentID, RentalID, PaymentDate, PaymentAmount, PaymentMethod)
VALUES (18, 2, TO_DATE('2022-09-20', 'YYYY-MM-DD'), 65.00, 'Credit Card');
INSERT INTO RentalPayments (PaymentID, RentalID, PaymentDate, PaymentAmount, PaymentMethod)
VALUES (19, 1, TO_DATE('2022-10-05', 'YYYY-MM-DD'), 33.00, 'Credit Card');
INSERT INTO RentalPayments (PaymentID, RentalID, PaymentDate, PaymentAmount, PaymentMethod)
VALUES (20, 2, TO_DATE('2022-11-15', 'YYYY-MM-DD'), 20.00, 'Cash');
INSERT INTO RentalPayments (PaymentID, RentalID, PaymentDate, PaymentAmount, PaymentMethod)
VALUES (21, 1, TO_DATE('2022-12-22', 'YYYY-MM-DD'), 21.00, 'Credit Card');
INSERT INTO RentalPayments (PaymentID, RentalID, PaymentDate, PaymentAmount, PaymentMethod)
VALUES (22, 2, TO_DATE('2022-01-08', 'YYYY-MM-DD'), 15.00, 'Credit Card');
INSERT INTO RentalPayments (PaymentID, RentalID, PaymentDate, PaymentAmount, PaymentMethod)
VALUES (23, 1, TO_DATE('2022-02-20', 'YYYY-MM-DD'), 14.00, 'Cash');
INSERT INTO RentalPayments (PaymentID, RentalID, PaymentDate, PaymentAmount, PaymentMethod)
VALUES (24, 2, TO_DATE('2022-03-05', 'YYYY-MM-DD'), 13.00, 'Credit Card');
INSERT INTO RentalPayments (PaymentID, RentalID, PaymentDate, PaymentAmount, PaymentMethod)
VALUES (25, 1, TO_DATE('2023-04-15', 'YYYY-MM-DD'), 27.00, 'Credit Card');
INSERT INTO RentalPayments (PaymentID, RentalID, PaymentDate, PaymentAmount, PaymentMethod)
VALUES (26, 2, TO_DATE('2023-05-22', 'YYYY-MM-DD'), 10.00, 'Cash');
INSERT INTO RentalPayments (PaymentID, RentalID, PaymentDate, PaymentAmount, PaymentMethod)
VALUES (27, 1, TO_DATE('2023-06-08', 'YYYY-MM-DD'), 8.00, 'Credit Card');
INSERT INTO RentalPayments (PaymentID, RentalID, PaymentDate, PaymentAmount, PaymentMethod)
VALUES (28, 2, TO_DATE('2023-07-20', 'YYYY-MM-DD'), 8.00, 'Credit Card');
INSERT INTO RentalPayments (PaymentID, RentalID, PaymentDate, PaymentAmount, PaymentMethod)
VALUES (29, 1, TO_DATE('2023-08-05', 'YYYY-MM-DD'), 20.00, 'Cash');
INSERT INTO RentalPayments (PaymentID, RentalID, PaymentDate, PaymentAmount, PaymentMethod)
VALUES (30, 2, TO_DATE('2023-09-15', 'YYYY-MM-DD'), 55.00, 'Credit Card');
-- insert to ToolsCategories
INSERT INTO ToolsCategories (ToolID, CategoryID)
VALUES (1, 1);
INSERT INTO ToolsCategories (ToolID, CategoryID)
VALUES (2, 3);
INSERT INTO ToolsCategories (ToolID, CategoryID)
VALUES (3, 2);
INSERT INTO ToolsCategories (ToolID, CategoryID)
VALUES (3, 3);
INSERT INTO ToolsCategories (ToolID, CategoryID)
VALUES (4, 3);
INSERT INTO ToolsCategories (ToolID, CategoryID)
VALUES (5, 1);
INSERT INTO ToolsCategories (ToolID, CategoryID)
VALUES (6, 2);
INSERT INTO ToolsCategories (ToolID, CategoryID)
VALUES (7, 1);
INSERT INTO ToolsCategories (ToolID, CategoryID)
VALUES (8, 2);
INSERT INTO ToolsCategories (ToolID, CategoryID)
VALUES (9, 2);
INSERT INTO ToolsCategories (ToolID, CategoryID)
VALUES (10, 2);
INSERT INTO ToolsCategories (ToolID, CategoryID)
VALUES (11, 1);
INSERT INTO ToolsCategories (ToolID, CategoryID)
VALUES (12, 1);
-- Sample data for Employees
INSERT INTO Employees (FirstName, LastName, PhoneNumber, Email, JobTitle)
VALUES ('Michael', 'Anderson', '5557891234', 'michael.anderson@example.com', 'Manager');
INSERT INTO Employees (FirstName, LastName, PhoneNumber, Email, JobTitle)
VALUES ('Sarah', 'Brown', '5559874567', 'sarah.brown@example.com', 'Sales Associate');
INSERT INTO Employees (FirstName, LastName, PhoneNumber, Email, JobTitle)
VALUES ('Robert', 'Davis', '5553217890', 'robert.davis@example.com', 'Technician');
INSERT INTO Employees (FirstName, LastName, PhoneNumber, Email, JobTitle)
VALUES ('Oliver', 'Taylor', '5551234567', 'oliver.taylor@example.com', 'Sales Associate');
INSERT INTO Employees (FirstName, LastName, PhoneNumber, Email, JobTitle)
VALUES ('Sophia', 'Anderson', '5559876543', 'sophia.anderson@example.com', 'Technician');
INSERT INTO Employees (FirstName, LastName, PhoneNumber, Email, JobTitle)
VALUES ('William', 'Smith', '5557890123', 'william.smith@example.com', 'Sales Associate');
INSERT INTO Employees (FirstName, LastName, PhoneNumber, Email, JobTitle)
VALUES ('Emma', 'Johnson', '5554567890', 'emma.johnson@example.com', 'Technician');
INSERT INTO Employees (FirstName, LastName, PhoneNumber, Email, JobTitle)
VALUES ('Daniel', 'Davis', '5552345678', 'daniel.davis@example.com', 'Technician');
INSERT INTO Employees (FirstName, LastName, PhoneNumber, Email, JobTitle)
VALUES ('Olivia', 'Wilson', '5558765432', 'olivia.wilson@example.com', 'Technician');
INSERT INTO Employees (FirstName, LastName, PhoneNumber, Email, JobTitle)
VALUES ('Liam', 'Taylor', '5550123456', 'liam.taylor@example.com', 'Technician');
-- inserts to MaintenanceLogs
INSERT INTO MaintenanceLogs (ToolID, EmployeeID, MaintenanceDate, MaintenanceDescription)
VALUES (1, 3, TO_DATE('2022-04-05', 'YYYY-MM-DD'), 'Cleaned blades and checked motor');
INSERT INTO MaintenanceLogs (ToolID, EmployeeID, MaintenanceDate, MaintenanceDescription)
VALUES (2, 7, TO_DATE('2022-05-10', 'YYYY-MM-DD'), 'Replaced handle grip');
INSERT INTO MaintenanceLogs (ToolID, EmployeeID, MaintenanceDate, MaintenanceDescription)
VALUES (3, 8, TO_DATE('2022-06-15', 'YYYY-MM-DD'), 'Replaced battery and tested voltage');
INSERT INTO MaintenanceLogs (ToolID, EmployeeID, MaintenanceDate, MaintenanceDescription)
VALUES (4, 9, TO_DATE('2022-09-20', 'YYYY-MM-DD'), 'Cleaned nozzle and checked pressure');
INSERT INTO MaintenanceLogs (ToolID, EmployeeID, MaintenanceDate, MaintenanceDescription)
VALUES (5, 3, TO_DATE('2022-07-10', 'YYYY-MM-DD'), 'Sharpened blade and tightened handle');
INSERT INTO MaintenanceLogs (ToolID, EmployeeID, MaintenanceDate, MaintenanceDescription)
VALUES (6, 10, TO_DATE('2022-08-15', 'YYYY-MM-DD'), 'Replaced battery and tested functionality');
INSERT INTO MaintenanceLogs (ToolID, EmployeeID, MaintenanceDate, MaintenanceDescription)
VALUES (7, 5, TO_DATE('2022-09-20', 'YYYY-MM-DD'), 'Checked motor and replaced worn-out parts');
INSERT INTO MaintenanceLogs (ToolID, EmployeeID, MaintenanceDate, MaintenanceDescription)
VALUES (8, 5, TO_DATE('2022-10-10', 'YYYY-MM-DD'), 'Cleaned brushes and tested voltage');
INSERT INTO MaintenanceLogs (ToolID, EmployeeID, MaintenanceDate, MaintenanceDescription)
VALUES (9, 7, TO_DATE('2022-11-15', 'YYYY-MM-DD'), 'Replaced spark plugs and checked oil');
INSERT INTO MaintenanceLogs (ToolID, EmployeeID, MaintenanceDate, MaintenanceDescription)
VALUES (10, 8, TO_DATE('2022-12-20', 'YYYY-MM-DD'), 'Repaired leak and tested water flow');
INSERT INTO MaintenanceLogs (ToolID, EmployeeID, MaintenanceDate, MaintenanceDescription)
VALUES (11, 3, TO_DATE('2023-01-10', 'YYYY-MM-DD'), 'Trimmed hedges and pruned branches');
INSERT INTO MaintenanceLogs (ToolID, EmployeeID, MaintenanceDate, MaintenanceDescription)
VALUES (12, 7, TO_DATE('2023-02-15', 'YYYY-MM-DD'), 'Replaced worn-out bricks and leveled surface');
-- creating 3 views for address, customerName, and tools with rentals
CREATE OR REPLACE VIEW CustomerAddressView AS
SELECT
    A.addressId,
    C.countryID,
    C.Country,
    A.City,
    A.Province,
    A.PostalCode,
    A.Street,
    CAA.StartDate,
    CAA.EndDate
FROM
    CustomerAddressAssoc CAA
JOIN
    country C ON CAA.countryID = C.countryID
JOIN
    address A ON CAA.addressId = A.addressId
where CAA.EndDate is null;
    -- -------------------------------
    CREATE OR REPLACE VIEW CustomerNameHistoryView AS
SELECT
    N.NameId,
    C.CustomerID,
    C.AddressID,
    N.Name,
    CNH.StartTime,
    CNH.EndTime
FROM
    CustomerNameHistory CNH
JOIN
    Customers C ON CNH.CustomerID = C.CustomerID
JOIN
    Names N ON CNH.NameId = N.NameId
    where CNH.EndTime is null;
-- creates toolsRentedView
CREATE OR REPLACE VIEW ToolsRentedView AS
SELECT
    TR.ToolsRentedId,
    T.ToolID,
    T.Name,
    T.Description,
    T.RentalPrice,
    T.PurchaseDate,
    T.Manufacturer,
    T.Specifications,
    T.Instructions,
    R.RentalID,
    R.RentalStatus,
    TR.RentalStartDate,
    TR.RentalEndDate
FROM
    Tools T
JOIN
    ToolsRented TR ON T.ToolID = TR.ToolID
JOIN
    Rentals R ON TR.RentalID = R.RentalID
    where TR.RentalEndDate is null;
-- Views triggers for tools 
create or replace TRIGGER InsteadOfInsertTrigger
INSTEAD OF INSERT ON ToolsRentedView
FOR EACH ROW
DECLARE
v_toolsId NUMBER;
v_rentalID number;
BEGIN
  INSERT INTO Tools (toolID, Name, Description, RentalPrice, PurchaseDate, Manufacturer, Specifications, Instructions)
  VALUES (DEFAULT, :NEW.Name, :NEW.Description, :NEW.RentalPrice, :NEW.PurchaseDate, :NEW.Manufacturer, :NEW.Specifications, :NEW.Instructions)
  RETURNING toolID INTO v_toolsId;
  INSERT INTO Rentals (rentalID, RentalStatus)
  VALUES (DEFAULT, :NEW.RentalStatus)
  RETURNING rentalID INTO v_rentalID;
  INSERT INTO ToolsRented (ToolID, RentalID, RentalStartDate)
  VALUES (v_toolsId, v_rentalID, SYSDATE);
END;
/
-- creating view CUSTOMERNAMEHISTORYVIEW_INSERT
create or replace TRIGGER CUSTOMERNAMEHISTORYVIEW_INSERT
INSTEAD OF INSERT ON CustomerNameHistoryView
FOR EACH ROW
DECLARE
v_customerId NUMBER;
v_historyID number;
v_nameID number;
BEGIN
  INSERT INTO Customers (CustomerID, addressID)
  VALUES (DEFAULT, default)
  returning CustomerID INTO v_customerId;
  INSERT INTO Names (NameID,name)
  VALUES (default, :new.name)
  RETURNING nameID into v_nameID;
  INSERT INTO CustomerNameHistory (historyID,CustomerID, nameID, name, StartTime)
  VALUES (DEFAULT,v_customerId,v_nameID, :new.name, SYSDATE)
  Returning historyID into v_historyID;
END;
/

CREATE OR REPLACE TRIGGER AddressHistoryViewInsert
INSTEAD OF INSERT ON CustomerAddressView
FOR EACH ROW
DECLARE
  v_countryID number;
  v_AddressID NUMBER;
  v_CustomerAddressAssoc number;
BEGIN
INSERT INTO country (countryID,country)
  VALUES (default, :NEW.country)
  returning countryID into v_countryID;
  INSERT INTO Address (AddressID, City, Province, PostalCode, Street)
  VALUES (default, :NEW.City, :NEW.Province, :NEW.PostalCode, :NEW.Street)
  returning AddressID into v_addressID;
  INSERT INTO CustomerAddressAssoc (CustomerAddressAssoc, countryID, addressID,StartDate)
  VALUES (default, v_countryID, v_addressID, SYSDATE)
  returning CustomerAddressAssoc into v_CustomerAddressAssoc;
END;
/

create or replace TRIGGER AddressHistoryViewUpdate
INSTEAD OF INSERT ON CUSTOMERADDRESSVIEW
FOR EACH ROW
DECLARE
  v_countryID number;
  v_AddressID NUMBER;
BEGIN
if :new.country != :old.country then 
select addressID into v_AddressID from address where addressID = :old.addressID;
insert into country(country)
values (:new.country);
select max(countryID) into v_countryID from country;
update CustomerAddressAssoc set EndDate = sysdate where addressID = v_AddressID AND EndDate is null;
insert into CustomerAddressAssoc (addressId, countryID, startDate)
values (v_AddressID, v_countryID, sysdate);
ELSE
null;
end if;
end;
/

create or replace TRIGGER CUSTOMERNAMEHISTORYVIEW_UPDATE
INSTEAD OF UPDATE ON CustomerNameHistoryView
FOR EACH ROW
DECLARE
  v_NameId number;
  v_CustomerID NUMBER;
BEGIN
if :new.name != :old.name then 
select customerID into v_CustomerID from customers where customerID = :old.customerID;
insert into names(name)
values (:new.name);
select max(nameID) into v_NameId from names;
update CustomerNameHistory set EndTime = sysdate where customerID = v_CustomerID AND EndTime is null;
insert into CustomerNameHistory (customerID, nameID, startTime)
values (v_CustomerID, v_NameId, sysdate);
ELSE
null;
end if;
end;
/

create or replace TRIGGER InsteadOfUpdateTrigger
INSTEAD OF Update ON ToolsRentedView
FOR EACH ROW
DECLARE
  v_RentalID number;
  v_ToolID NUMBER;
BEGIN
if :new.RentalStatus != :old.RentalStatus then 
select ToolID into v_ToolID from Tools where ToolID = :old.ToolID;
insert into Rentals(RentalStatus)
values (:new.RentalStatus);
select max(RentalID) into v_RentalID from Rentals;
update ToolsRented set RentalEndDate = sysdate where ToolID = v_ToolID AND RentalEndDate is null;
insert into ToolsRented (ToolID, RentalID, RentalStartDate)
values (v_ToolID, v_RentalID, sysdate);
ELSE
null;
end if;
end;
/

create or replace TRIGGER InsteadOfDeleteTrigger
INSTEAD OF Delete ON ToolsRentedView
FOR EACH ROW
DECLARE
  v_ToolID NUMBER;
BEGIN
    select toolID into v_ToolID from tools where toolID = :old.toolID;
    update ToolsRented set rentalEndDate = sysDate where toolID = v_ToolID and rentalEndDate is null;
end;
/

create or replace TRIGGER CUSTOMERNAMEHISTORYVIEW_DELETE
INSTEAD OF Delete ON CustomerNameHistoryView
FOR EACH ROW
DECLARE
  v_nameID NUMBER;
BEGIN
    select nameID into v_nameID from names where nameID = :old.nameID;
    update CustomerNameHistory set EndTime = sysDate where nameID = v_nameID and EndTime is null;
end;
/

create or replace TRIGGER AddressHistoryViewDelete
INSTEAD OF Delete ON CUSTOMERADDRESSVIEW
FOR EACH ROW
DECLARE
  v_countryID NUMBER;
BEGIN
    select countryID into v_countryID from country where countryID = :old.countryID;
    update CustomerAddressAssoc set EndDate = sysDate where CountryID = v_CountryID and EndDate is null;
end;
/